{"cameraMode":{"drawMode":0,"name":"Shaded","section":"Shading Mode"},"sceneLighting":false,"audioPlay":false,"sceneViewState":{"m_AlwaysRefresh":false,"showFog":true,"showSkybox":false,"showFlares":true,"showImageEffects":true,"showParticleSystems":true,"showVisualEffectGraphs":true,"m_FxEnabled":true},"in2DMode":false,"pivot":{"x":-0.0037069714162498714,"y":1.4908909797668458,"z":-0.04357273131608963},"rotation":{"x":-0.54698246717453,"y":0.0867820680141449,"z":-0.05715120583772659,"w":-0.8306818008422852},"size":0.6062178015708923,"orthographic":false}