{"cameraMode":{"drawMode":0,"name":"Shaded","section":"Shading Mode"},"sceneLighting":false,"audioPlay":false,"sceneViewState":{"m_AlwaysRefresh":false,"showFog":true,"showSkybox":false,"showFlares":true,"showImageEffects":true,"showParticleSystems":true,"showVisualEffectGraphs":true,"m_FxEnabled":true},"in2DMode":false,"pivot":{"x":789.3345336914063,"y":404.06573486328127,"z":-692.9091186523438},"rotation":{"x":-0.008690754882991314,"y":0.00781223364174366,"z":0.00007866490341257304,"w":0.9999657273292542},"size":200.06248474121095,"orthographic":false}