{"cameraMode":{"drawMode":0,"name":"Shaded","section":"Shading Mode"},"sceneLighting":false,"audioPlay":false,"sceneViewState":{"m_AlwaysRefresh":false,"showFog":true,"showSkybox":false,"showFlares":true,"showImageEffects":true,"showParticleSystems":true,"showVisualEffectGraphs":true,"m_FxEnabled":true},"in2DMode":false,"pivot":{"x":-0.004415437579154968,"y":0.01639603078365326,"z":-0.00709524005651474},"rotation":{"x":-0.019072938710451127,"y":-0.11193491518497467,"z":-0.002084970474243164,"w":0.993575930595398},"size":0.06069275364279747,"orthographic":false}