{"cameraMode":{"drawMode":0,"name":"Shaded","section":"Shading Mode"},"sceneLighting":false,"audioPlay":false,"sceneViewState":{"m_AlwaysRefresh":false,"showFog":true,"showSkybox":false,"showFlares":true,"showImageEffects":true,"showParticleSystems":true,"showVisualEffectGraphs":true,"m_FxEnabled":true},"in2DMode":false,"pivot":{"x":-0.002861708402633667,"y":0.02176542580127716,"z":-0.004120618104934692},"rotation":{"x":-0.19699856638908387,"y":-0.012649228796362877,"z":0.0025462298654019834,"w":-0.9803312420845032},"size":0.30346375703811648,"orthographic":false}